{
  "radius": 4.029121233,
  "pi": 3.14159
}
